last_interval,Exchange,Symbol,Best_Bid_Price,FB0,Best_Offer_Price,FA0,FB2,FA2,p_time,Next_Best_Bid,Next_Best_Offer,outcome
2020-01-02 09:30:00,K,AAPL,296.21,1.0,296.29,1.0,-1.0,0.0,2020-01-02 09:30:00.134336,295.71,295.78,-1
2020-01-02 09:31:00,Q,AAPL,295.71,1.0,295.78,2.0,0.0,0.0,2020-01-02 09:31:00.000691,295.49,295.52,-1
2020-01-02 09:32:00,Z,AAPL,295.49,3.0,295.52,2.0,0.0,1.0,2020-01-02 09:32:00.019756,295.68,295.73,1
2020-01-02 09:33:00,Z,AAPL,295.68,1.0,295.73,2.0,-1.0,0.0,2020-01-02 09:33:00.000277,296.53,296.6,1
2020-01-02 09:34:00,J,AAPL,296.53,3.0,296.6,4.0,0.0,1.0,2020-01-02 09:34:00.114073,296.9,296.93,1
2020-01-02 09:35:00,Q,AAPL,296.9,3.0,296.93,2.0,-3.0,0.0,2020-01-02 09:35:00.119713,297.26,297.29,1
2020-01-02 09:36:00,Q,AAPL,297.26,5.0,297.29,1.0,0.0,-2.0,2020-01-02 09:36:00.027733,297.8,297.85,1
2020-01-02 09:37:00,Q,AAPL,297.8,2.0,297.85,3.0,0.0,-1.0,2020-01-02 09:37:00.038734,297.64,297.68,-1
2020-01-02 09:38:00,Z,AAPL,297.64,2.0,297.68,1.0,0.0,-1.0,2020-01-02 09:38:00.013265,297.61,297.65,0
2020-01-02 09:39:00,Q,AAPL,297.61,2.0,297.65,1.0,0.0,0.0,2020-01-02 09:39:00.095931,297.27,297.31,-1
2020-01-02 09:40:00,Z,AAPL,297.27,1.0,297.31,2.0,-1.0,0.0,2020-01-02 09:40:00.011158,297.63,297.67,1
2020-01-02 09:41:00,K,AAPL,297.63,6.0,297.67,2.0,4.0,0.0,2020-01-02 09:41:00.264500,297.25,297.27,-1
2020-01-02 09:42:00,Z,AAPL,297.25,1.0,297.27,2.0,0.0,1.0,2020-01-02 09:42:00.015214,296.88,296.91,-1
2020-01-02 09:43:00,Z,AAPL,296.88,2.0,296.91,2.0,0.0,-1.0,2020-01-02 09:43:00.007480,297.37,297.39,1
2020-01-02 09:44:00,N,AAPL,297.37,3.0,297.39,3.0,0.0,1.0,2020-01-02 09:44:00.178695,297.11,297.13,-1
2020-01-02 09:45:00,N,AAPL,297.11,1.0,297.13,3.0,0.0,0.0,2020-01-02 09:45:00.001258,297.31,297.32,1
2020-01-02 09:46:00,Q,AAPL,297.31,3.0,297.32,1.0,0.0,-1.0,2020-01-02 09:46:00.010350,297.25,297.27,-1
2020-01-02 09:47:00,Z,AAPL,297.25,3.0,297.27,1.0,2.0,0.0,2020-01-02 09:47:00.022087,297.22,297.24,-1
2020-01-02 09:48:00,Z,AAPL,297.22,2.0,297.24,27.0,0.0,-1.0,2020-01-02 09:48:00.009963,297.16,297.18,-1
2020-01-02 09:49:00,P,AAPL,297.16,2.0,297.18,3.0,0.0,0.0,2020-01-02 09:49:00.000341,296.8,296.83,-1
2020-01-02 09:50:00,Z,AAPL,296.8,11.0,296.83,1.0,0.0,-1.0,2020-01-02 09:50:00.028749,296.92,296.96,1
2020-01-02 09:51:00,Q,AAPL,296.92,3.0,296.96,3.0,0.0,2.0,2020-01-02 09:51:00.001431,297.08,297.11,1
2020-01-02 09:52:00,Q,AAPL,297.08,3.0,297.11,1.0,1.0,0.0,2020-01-02 09:52:00.002310,297.09,297.1,0
2020-01-02 09:53:00,N,AAPL,297.09,2.0,297.1,2.0,1.0,0.0,2020-01-02 09:53:00.269797,296.96,296.98,-1
2020-01-02 09:54:00,Y,AAPL,296.96,1.0,296.98,3.0,-3.0,-1.0,2020-01-02 09:54:00.010546,297.29,297.3,1
2020-01-02 09:55:00,Q,AAPL,297.29,1.0,297.3,1.0,0.0,0.0,2020-01-02 09:55:00.027957,297.44,297.46,1
2020-01-02 09:56:00,P,AAPL,297.44,2.0,297.46,3.0,1.0,0.0,2020-01-02 09:56:00.000579,297.74,297.77,1
2020-01-02 09:57:00,P,AAPL,297.74,2.0,297.77,2.0,0.0,0.0,2020-01-02 09:57:00.087874,297.9,297.93,1
2020-01-02 09:58:00,Z,AAPL,297.9,2.0,297.93,2.0,1.0,0.0,2020-01-02 09:58:00.000504,297.69,297.71,-1
2020-01-02 09:59:00,Q,AAPL,297.69,2.0,297.71,2.0,0.0,1.0,2020-01-02 09:59:00.031117,297.96,297.99,1
2020-01-02 10:00:00,Z,AAPL,297.96,10.0,297.99,1.0,-2.0,0.0,2020-01-02 10:00:00.107434,297.93,297.96,0
2020-01-02 10:01:00,Z,AAPL,297.93,3.0,297.96,1.0,0.0,-2.0,2020-01-02 10:01:00.281596,297.92,297.93,0
2020-01-02 10:02:00,Q,AAPL,297.92,1.0,297.93,1.0,-4.0,-1.0,2020-01-02 10:02:00.019954,297.64,297.69,-1
2020-01-02 10:03:00,Z,AAPL,297.64,3.0,297.69,2.0,0.0,0.0,2020-01-02 10:03:00.001058,297.78,297.8,1
2020-01-02 10:04:00,Z,AAPL,297.78,1.0,297.8,3.0,-3.0,0.0,2020-01-02 10:04:00.811014,297.8,297.83,0
2020-01-02 10:05:00,Q,AAPL,297.8,3.0,297.83,2.0,0.0,1.0,2020-01-02 10:05:00.044764,298.13,298.17,1
2020-01-02 10:06:00,Z,AAPL,298.13,1.0,298.17,3.0,0.0,0.0,2020-01-02 10:06:00.011891,298.34,298.37,1
2020-01-02 10:07:00,N,AAPL,298.34,1.0,298.37,1.0,-4.0,0.0,2020-01-02 10:07:00.013017,298.15,298.2,-1
2020-01-02 10:08:00,Z,AAPL,298.15,4.0,298.2,1.0,1.0,-1.0,2020-01-02 10:08:00.051148,298.26,298.29,1
2020-01-02 10:09:00,Q,AAPL,298.26,3.0,298.29,2.0,2.0,0.0,2020-01-02 10:09:00.835727,298.26,298.28,0
2020-01-02 10:10:00,P,AAPL,298.26,2.0,298.28,2.0,0.0,1.0,2020-01-02 10:10:01.114565,298.17,298.2,-1
2020-01-02 10:11:00,Z,AAPL,298.17,2.0,298.2,4.0,0.0,1.0,2020-01-02 10:11:00.226343,297.75,297.77,-1
2020-01-02 10:12:00,Q,AAPL,297.75,4.0,297.77,1.0,1.0,0.0,2020-01-02 10:12:00.008414,297.61,297.65,-1
2020-01-02 10:13:00,Z,AAPL,297.61,5.0,297.65,1.0,1.0,0.0,2020-01-02 10:13:00.001157,297.55,297.58,-1
2020-01-02 10:14:00,Z,AAPL,297.55,8.0,297.58,1.0,5.0,0.0,2020-01-02 10:14:00.053470,297.37,297.4,-1
2020-01-02 10:15:00,P,AAPL,297.37,2.0,297.4,2.0,0.0,0.0,2020-01-02 10:15:00.043062,297.1,297.12,-1
2020-01-02 10:16:00,P,AAPL,297.1,1.0,297.12,2.0,0.0,0.0,2020-01-02 10:16:00.032680,297.03,297.07,-1
2020-01-02 10:17:00,Z,AAPL,297.03,2.0,297.07,1.0,0.0,0.0,2020-01-02 10:17:00.037589,297.45,297.49,1
2020-01-02 10:18:00,Z,AAPL,297.45,1.0,297.49,1.0,-4.0,0.0,2020-01-02 10:18:00.093607,297.58,297.6,1
2020-01-02 10:19:00,Z,AAPL,297.58,4.0,297.6,2.0,0.0,1.0,2020-01-02 10:19:00.015009,297.19,297.23,-1
2020-01-02 10:20:00,Q,AAPL,297.19,2.0,297.23,1.0,0.0,0.0,2020-01-02 10:20:00.028505,297.21,297.25,0
2020-01-02 10:21:00,Z,AAPL,297.21,4.0,297.25,2.0,0.0,0.0,2020-01-02 10:21:00.810759,297.16,297.18,-1
2020-01-02 10:22:00,K,AAPL,297.16,1.0,297.18,2.0,0.0,0.0,2020-01-02 10:22:00.126526,297.03,297.06,-1
2020-01-02 10:23:00,K,AAPL,297.03,1.0,297.06,2.0,0.0,-102.0,2020-01-02 10:23:00.147086,296.85,296.89,-1
2020-01-02 10:24:00,Z,AAPL,296.85,4.0,296.89,6.0,2.0,0.0,2020-01-02 10:24:00.026423,297.14,297.18,1
2020-01-02 10:25:00,N,AAPL,297.14,4.0,297.18,1.0,3.0,0.0,2020-01-02 10:25:00.014600,296.99,297.02,-1
2020-01-02 10:26:00,Z,AAPL,296.99,1.0,297.02,1.0,-1.0,0.0,2020-01-02 10:26:00.559156,297.19,297.2,1
2020-01-02 10:27:00,Q,AAPL,297.19,1.0,297.2,2.0,0.0,0.0,2020-01-02 10:27:00.488022,297.23,297.27,1
2020-01-02 10:28:00,Z,AAPL,297.23,10.0,297.27,2.0,0.0,1.0,2020-01-02 10:28:00.010466,297.41,297.44,1
2020-01-02 10:29:00,P,AAPL,297.41,2.0,297.44,1.0,0.0,0.0,2020-01-02 10:29:00.072418,297.5,297.54,1
2020-01-02 10:30:00,Z,AAPL,297.5,5.0,297.54,4.0,0.0,-1.0,2020-01-02 10:30:00.008279,297.5,297.52,0
2020-01-02 10:31:00,Z,AAPL,297.5,1.0,297.52,5.0,-2.0,0.0,2020-01-02 10:31:00.014179,297.3,297.32,-1
2020-01-02 10:32:00,Q,AAPL,297.3,4.0,297.32,2.0,0.0,1.0,2020-01-02 10:32:00.040081,297.3,297.33,0
2020-01-02 10:33:00,Z,AAPL,297.3,3.0,297.33,3.0,0.0,1.0,2020-01-02 10:33:00.021919,297.55,297.57,1
2020-01-02 10:34:00,K,AAPL,297.55,1.0,297.57,1.0,0.0,0.0,2020-01-02 10:34:00.915501,297.45,297.48,-1
2020-01-02 10:35:00,Z,AAPL,297.45,2.0,297.48,2.0,0.0,1.0,2020-01-02 10:35:00.030471,297.36,297.37,-1
2020-01-02 10:36:00,Q,AAPL,297.36,1.0,297.37,1.0,-1.0,0.0,2020-01-02 10:36:00.026356,297.52,297.55,1
2020-01-02 10:37:00,Z,AAPL,297.52,4.0,297.55,10.0,1.0,0.0,2020-01-02 10:37:00.091190,297.44,297.46,-1
2020-01-02 10:38:00,Z,AAPL,297.44,3.0,297.46,2.0,-1.0,1.0,2020-01-02 10:38:00.183917,297.24,297.25,-1
2020-01-02 10:39:00,Q,AAPL,297.24,1.0,297.25,2.0,-1.0,0.0,2020-01-02 10:39:00.019367,297.28,297.31,1
2020-01-02 10:40:00,Z,AAPL,297.28,2.0,297.31,2.0,0.0,0.0,2020-01-02 10:40:00.010856,297.24,297.26,-1
2020-01-02 10:41:00,Z,AAPL,297.24,3.0,297.26,2.0,1.0,0.0,2020-01-02 10:41:00.270157,297.38,297.39,1
2020-01-02 10:42:00,Z,AAPL,297.38,1.0,297.39,1.0,0.0,-1.0,2020-01-02 10:42:00.234098,297.71,297.72,1
2020-01-02 10:43:00,Q,AAPL,297.71,2.0,297.72,1.0,0.0,0.0,2020-01-02 10:43:01.113971,297.59,297.61,-1
2020-01-02 10:44:00,Q,AAPL,297.59,2.0,297.61,1.0,0.0,-4.0,2020-01-02 10:44:00.244919,297.53,297.55,-1
2020-01-02 10:45:00,Z,AAPL,297.53,1.0,297.55,2.0,0.0,-1.0,2020-01-02 10:45:00.019084,297.69,297.71,1
2020-01-02 10:46:00,Q,AAPL,297.69,3.0,297.71,1.0,1.0,0.0,2020-01-02 10:46:00.117772,297.71,297.72,0
2020-01-02 10:47:00,Q,AAPL,297.71,2.0,297.72,1.0,-1.0,0.0,2020-01-02 10:47:00.031556,297.7,297.72,0
2020-01-02 10:48:00,Q,AAPL,297.7,2.0,297.72,2.0,0.0,1.0,2020-01-02 10:48:00.192482,297.53,297.56,-1
2020-01-02 10:49:00,Z,AAPL,297.53,2.0,297.56,3.0,1.0,2.0,2020-01-02 10:49:00.075215,297.89,297.9,1
2020-01-02 10:50:00,Z,AAPL,297.89,2.0,297.9,4.0,1.0,0.0,2020-01-02 10:50:00.011664,297.94,297.97,1
2020-01-02 10:51:00,N,AAPL,297.94,2.0,297.97,1.0,0.0,-1.0,2020-01-02 10:51:00.015582,297.76,297.8,-1
2020-01-02 10:52:00,Q,AAPL,297.76,3.0,297.8,3.0,1.0,0.0,2020-01-02 10:52:00.375168,297.87,297.9,1
2020-01-02 10:53:00,Z,AAPL,297.87,1.0,297.9,3.0,0.0,0.0,2020-01-02 10:53:00.094822,297.9,297.93,0
2020-01-02 10:54:00,Z,AAPL,297.9,4.0,297.93,2.0,0.0,1.0,2020-01-02 10:54:00.009218,297.86,297.88,-1
2020-01-02 10:55:00,P,AAPL,297.86,1.0,297.88,1.0,0.0,0.0,2020-01-02 10:55:00.018187,298.01,298.03,1
2020-01-02 10:56:00,Q,AAPL,298.01,1.0,298.03,2.0,-1.0,1.0,2020-01-02 10:56:00.057499,298.02,298.04,0
2020-01-02 10:57:00,Z,AAPL,298.02,1.0,298.04,2.0,-1.0,0.0,2020-01-02 10:57:00.429673,298.14,298.17,1
2020-01-02 10:58:00,Q,AAPL,298.14,1.0,298.17,3.0,0.0,1.0,2020-01-02 10:58:00.201114,298.28,298.29,1
2020-01-02 10:59:00,Q,AAPL,298.28,4.0,298.29,1.0,0.0,0.0,2020-01-02 10:59:00.217410,298.1,298.13,-1
2020-01-02 11:00:00,Z,AAPL,298.1,11.0,298.13,1.0,0.0,-1.0,2020-01-02 11:00:00.002843,298.15,298.16,1
2020-01-02 11:01:00,P,AAPL,298.15,2.0,298.16,2.0,1.0,0.0,2020-01-02 11:01:00.311013,297.92,297.94,-1
2020-01-02 11:02:00,Z,AAPL,297.92,2.0,297.94,1.0,-2.0,0.0,2020-01-02 11:02:01.119806,297.89,297.92,0
2020-01-02 11:03:00,Q,AAPL,297.89,4.0,297.92,1.0,1.0,0.0,2020-01-02 11:03:00.053210,297.84,297.87,-1
2020-01-02 11:04:00,N,AAPL,297.84,3.0,297.87,3.0,0.0,1.0,2020-01-02 11:04:00.014757,297.95,297.97,1
2020-01-02 11:05:00,Q,AAPL,297.95,5.0,297.97,5.0,0.0,1.0,2020-01-02 11:05:01.647766,297.89,297.91,-1
2020-01-02 11:06:00,Q,AAPL,297.89,5.0,297.91,1.0,1.0,0.0,2020-01-02 11:06:00.389580,298.12,298.14,1
2020-01-02 11:07:00,Q,AAPL,298.12,2.0,298.14,2.0,-1.0,0.0,2020-01-02 11:07:00.011545,298.12,298.14,0
2020-01-02 11:08:00,Z,AAPL,298.12,2.0,298.14,1.0,0.0,-1.0,2020-01-02 11:08:00.121225,298.22,298.23,1
2020-01-02 11:09:00,Y,AAPL,298.22,1.0,298.23,2.0,-8.0,0.0,2020-01-02 11:09:00.622233,298.27,298.29,1
2020-01-02 11:10:00,Q,AAPL,298.27,5.0,298.29,1.0,0.0,-1.0,2020-01-02 11:10:00.066405,298.26,298.29,0
2020-01-02 11:11:00,P,AAPL,298.26,5.0,298.29,3.0,0.0,2.0,2020-01-02 11:11:00.225721,298.36,298.38,1
2020-01-02 11:12:00,N,AAPL,298.36,2.0,298.38,1.0,1.0,-1.0,2020-01-02 11:12:00.722351,298.55,298.57,1
2020-01-02 11:13:00,Q,AAPL,298.55,1.0,298.57,8.0,0.0,1.0,2020-01-02 11:13:00.101163,298.47,298.49,-1
2020-01-02 11:14:00,Q,AAPL,298.47,1.0,298.49,1.0,-1.0,0.0,2020-01-02 11:14:00.004642,298.72,298.74,1
2020-01-02 11:15:00,Q,AAPL,298.72,2.0,298.74,3.0,1.0,0.0,2020-01-02 11:15:00.501727,298.72,298.73,0
2020-01-02 11:16:00,Q,AAPL,298.72,2.0,298.73,2.0,1.0,0.0,2020-01-02 11:16:00.011982,298.7,298.71,-1
2020-01-02 11:17:00,P,AAPL,298.7,1.0,298.71,5.0,-1.0,-60.0,2020-01-02 11:17:01.362664,298.61,298.65,-1
2020-01-02 11:18:00,N,AAPL,298.61,2.0,298.65,2.0,1.0,0.0,2020-01-02 11:18:00.032505,298.55,298.58,-1
2020-01-02 11:19:00,Z,AAPL,298.55,3.0,298.58,2.0,0.0,0.0,2020-01-02 11:19:00.017215,298.38,298.39,-1
2020-01-02 11:20:00,Z,AAPL,298.38,1.0,298.39,3.0,0.0,2.0,2020-01-02 11:20:00.024575,298.36,298.38,0
2020-01-02 11:21:00,Q,AAPL,298.36,2.0,298.38,1.0,1.0,0.0,2020-01-02 11:21:00.193271,298.4,298.43,1
2020-01-02 11:22:00,Z,AAPL,298.4,2.0,298.43,1.0,1.0,-2.0,2020-01-02 11:22:00.009206,298.37,298.38,-1
2020-01-02 11:23:00,Z,AAPL,298.37,3.0,298.38,2.0,0.0,1.0,2020-01-02 11:23:00.811116,298.4,298.41,1
2020-01-02 11:24:00,Z,AAPL,298.4,4.0,298.41,2.0,1.0,0.0,2020-01-02 11:24:00.324044,298.55,298.57,1
2020-01-02 11:25:00,Q,AAPL,298.55,3.0,298.57,7.0,1.0,0.0,2020-01-02 11:25:00.107043,298.43,298.45,-1
2020-01-02 11:26:00,P,AAPL,298.43,2.0,298.45,1.0,1.0,0.0,2020-01-02 11:26:00.475199,298.27,298.3,-1
2020-01-02 11:27:00,Q,AAPL,298.27,2.0,298.3,3.0,0.0,1.0,2020-01-02 11:27:00.811240,298.22,298.25,-1
2020-01-02 11:28:00,Z,AAPL,298.22,1.0,298.25,3.0,0.0,0.0,2020-01-02 11:28:00.031747,298.11,298.13,-1
2020-01-02 11:29:00,Q,AAPL,298.11,2.0,298.13,2.0,1.0,0.0,2020-01-02 11:29:00.219353,298.11,298.13,0
2020-01-02 11:30:00,Q,AAPL,298.11,1.0,298.13,1.0,0.0,0.0,2020-01-02 11:30:00.065859,298.23,298.26,1
2020-01-02 11:31:00,Q,AAPL,298.23,2.0,298.26,2.0,-1.0,1.0,2020-01-02 11:31:00.210933,298.27,298.29,1
2020-01-02 11:32:00,Q,AAPL,298.27,1.0,298.29,4.0,0.0,1.0,2020-01-02 11:32:00.342022,297.91,297.92,-1
2020-01-02 11:33:00,P,AAPL,297.91,1.0,297.92,2.0,0.0,-1.0,2020-01-02 11:33:00.297811,297.94,297.95,1
2020-01-02 11:34:00,Q,AAPL,297.94,10.0,297.95,8.0,-1.0,0.0,2020-01-02 11:34:00.009733,297.79,297.82,-1
2020-01-02 11:35:00,Z,AAPL,297.79,2.0,297.82,1.0,1.0,-1.0,2020-01-02 11:35:00.007412,297.63,297.66,-1
2020-01-02 11:36:00,Z,AAPL,297.63,2.0,297.66,4.0,0.0,0.0,2020-01-02 11:36:00.000372,297.64,297.66,0
2020-01-02 11:37:00,Q,AAPL,297.64,1.0,297.66,2.0,0.0,-1.0,2020-01-02 11:37:00.036477,297.83,297.87,1
2020-01-02 11:38:00,Q,AAPL,297.83,2.0,297.87,2.0,-4.0,0.0,2020-01-02 11:38:00.000112,298.0,298.01,1
2020-01-02 11:39:00,N,AAPL,298.0,4.0,298.01,2.0,1.0,-2.0,2020-01-02 11:39:01.359665,298.06,298.08,1
2020-01-02 11:40:00,Q,AAPL,298.06,5.0,298.08,1.0,0.0,0.0,2020-01-02 11:40:00.280120,298.1,298.15,1
2020-01-02 11:41:00,Z,AAPL,298.1,5.0,298.15,3.0,0.0,0.0,2020-01-02 11:41:00.192615,298.2,298.23,1
2020-01-02 11:42:00,N,AAPL,298.2,3.0,298.23,2.0,-1.0,0.0,2020-01-02 11:42:00.028218,298.14,298.16,-1
2020-01-02 11:43:00,Z,AAPL,298.14,2.0,298.16,21.0,-1.0,0.0,2020-01-02 11:43:00.056997,298.23,298.26,1
2020-01-02 11:44:00,N,AAPL,298.23,9.0,298.26,3.0,0.0,2.0,2020-01-02 11:44:00.028522,298.23,298.26,0
2020-01-02 11:45:00,P,AAPL,298.23,1.0,298.26,4.0,0.0,0.0,2020-01-02 11:45:00.014684,298.26,298.27,0
2020-01-02 11:46:00,Q,AAPL,298.26,2.0,298.27,12.0,0.0,1.0,2020-01-02 11:46:00.811007,298.26,298.28,0
2020-01-02 11:47:00,P,AAPL,298.26,1.0,298.28,7.0,0.0,6.0,2020-01-02 11:47:00.137801,298.32,298.34,1
2020-01-02 11:48:00,Z,AAPL,298.32,2.0,298.34,2.0,0.0,0.0,2020-01-02 11:48:00.082621,298.46,298.47,1
2020-01-02 11:49:00,N,AAPL,298.46,1.0,298.47,2.0,0.0,0.0,2020-01-02 11:49:00.223730,298.38,298.4,-1
2020-01-02 11:50:00,P,AAPL,298.38,4.0,298.4,2.0,0.0,-1.0,2020-01-02 11:50:00.001243,298.31,298.34,-1
2020-01-02 11:51:00,Z,AAPL,298.31,1.0,298.34,2.0,0.0,0.0,2020-01-02 11:51:00.131699,298.42,298.44,1
2020-01-02 11:52:00,N,AAPL,298.42,4.0,298.44,4.0,0.0,3.0,2020-01-02 11:52:00.152130,298.44,298.46,0
2020-01-02 11:53:00,Z,AAPL,298.44,4.0,298.46,7.0,1.0,5.0,2020-01-02 11:53:07.194448,298.38,298.41,-1
2020-01-02 11:54:00,Q,AAPL,298.38,2.0,298.41,3.0,-2.0,2.0,2020-01-02 11:54:00.007766,298.33,298.34,-1
2020-01-02 11:55:00,P,AAPL,298.33,4.0,298.34,3.0,0.0,-1.0,2020-01-02 11:55:00.010464,298.26,298.28,-1
2020-01-02 11:56:00,N,AAPL,298.26,3.0,298.28,3.0,0.0,1.0,2020-01-02 11:56:00.103495,298.28,298.3,0
2020-01-02 11:57:00,Q,AAPL,298.28,2.0,298.3,1.0,-2.0,0.0,2020-01-02 11:57:00.027401,298.34,298.37,1
2020-01-02 11:58:00,P,AAPL,298.34,4.0,298.37,1.0,0.0,0.0,2020-01-02 11:58:00.880004,298.31,298.33,-1
2020-01-02 11:59:00,P,AAPL,298.31,2.0,298.33,1.0,0.0,-2.0,2020-01-02 11:59:00.010152,298.4,298.42,1
2020-01-02 12:00:00,Q,AAPL,298.4,4.0,298.42,2.0,1.0,0.0,2020-01-02 12:00:00.217071,298.47,298.49,1
2020-01-02 12:01:00,Q,AAPL,298.47,3.0,298.49,28.0,1.0,0.0,2020-01-02 12:01:01.004821,298.5,298.53,1
2020-01-02 12:02:00,Z,AAPL,298.5,2.0,298.53,1.0,0.0,-1.0,2020-01-02 12:02:00.012100,298.37,298.4,-1
2020-01-02 12:03:00,N,AAPL,298.37,2.0,298.4,2.0,0.0,0.0,2020-01-02 12:03:00.021366,298.41,298.43,1
2020-01-02 12:04:00,Q,AAPL,298.41,4.0,298.43,1.0,0.0,-1.0,2020-01-02 12:04:00.012047,298.36,298.38,-1
2020-01-02 12:05:00,Z,AAPL,298.36,12.0,298.38,16.0,0.0,14.0,2020-01-02 12:05:01.016319,298.23,298.25,-1
2020-01-02 12:06:00,Q,AAPL,298.23,4.0,298.25,5.0,0.0,2.0,2020-01-02 12:06:01.047373,298.25,298.27,0
2020-01-02 12:07:00,Z,AAPL,298.25,7.0,298.27,1.0,1.0,0.0,2020-01-02 12:07:00.020679,298.15,298.19,-1
2020-01-02 12:08:00,Z,AAPL,298.15,6.0,298.19,2.0,0.0,0.0,2020-01-02 12:08:00.012792,298.15,298.18,0
2020-01-02 12:09:00,Z,AAPL,298.15,2.0,298.18,2.0,0.0,-1.0,2020-01-02 12:09:00.623975,298.31,298.32,1
2020-01-02 12:10:00,Z,AAPL,298.31,2.0,298.32,3.0,1.0,0.0,2020-01-02 12:10:00.199974,298.4,298.43,1
2020-01-02 12:11:00,Q,AAPL,298.4,3.0,298.43,3.0,1.0,0.0,2020-01-02 12:11:00.000298,298.39,298.42,0
2020-01-02 12:12:00,Z,AAPL,298.39,2.0,298.42,4.0,0.0,3.0,2020-01-02 12:12:00.020170,298.55,298.57,1
2020-01-02 12:13:00,Q,AAPL,298.55,3.0,298.57,2.0,0.0,0.0,2020-01-02 12:13:01.230310,298.7,298.71,1
2020-01-02 12:14:00,Q,AAPL,298.7,4.0,298.71,2.0,0.0,0.0,2020-01-02 12:14:00.091543,298.65,298.67,-1
2020-01-02 12:15:00,Z,AAPL,298.65,7.0,298.67,2.0,0.0,0.0,2020-01-02 12:15:01.114115,298.63,298.65,0
2020-01-02 12:16:00,Q,AAPL,298.63,6.0,298.65,2.0,1.0,0.0,2020-01-02 12:16:00.102078,298.69,298.71,1
2020-01-02 12:17:00,Z,AAPL,298.69,1.0,298.71,4.0,0.0,-1.0,2020-01-02 12:17:00.021493,298.69,298.7,0
2020-01-02 12:18:00,Q,AAPL,298.69,1.0,298.7,2.0,0.0,-3.0,2020-01-02 12:18:01.166048,298.57,298.6,-1
2020-01-02 12:19:00,Q,AAPL,298.57,4.0,298.6,4.0,0.0,0.0,2020-01-02 12:19:00.245800,298.53,298.56,-1
2020-01-02 12:20:00,Z,AAPL,298.53,2.0,298.56,1.0,0.0,0.0,2020-01-02 12:20:00.785017,298.59,298.6,1
2020-01-02 12:21:00,Q,AAPL,298.59,2.0,298.6,2.0,0.0,0.0,2020-01-02 12:21:00.146102,298.63,298.64,1
2020-01-02 12:22:00,P,AAPL,298.63,4.0,298.64,2.0,1.0,-1.0,2020-01-02 12:22:01.113533,298.47,298.49,-1
2020-01-02 12:23:00,N,AAPL,298.47,1.0,298.49,1.0,0.0,0.0,2020-01-02 12:23:00.041429,298.42,298.44,-1
2020-01-02 12:24:00,Q,AAPL,298.42,3.0,298.44,1.0,1.0,0.0,2020-01-02 12:24:00.966441,298.43,298.45,0
2020-01-02 12:25:00,Z,AAPL,298.43,6.0,298.45,1.0,0.0,-1.0,2020-01-02 12:25:00.200122,298.44,298.45,0
2020-01-02 12:26:00,Z,AAPL,298.44,5.0,298.45,4.0,1.0,0.0,2020-01-02 12:26:00.553426,298.36,298.39,-1
2020-01-02 12:27:00,N,AAPL,298.36,3.0,298.39,4.0,2.0,2.0,2020-01-02 12:27:00.042545,298.37,298.38,0
2020-01-02 12:28:00,Q,AAPL,298.37,4.0,298.38,1.0,1.0,-1.0,2020-01-02 12:28:01.021977,298.31,298.33,-1
2020-01-02 12:29:00,Q,AAPL,298.31,1.0,298.33,1.0,-1.0,0.0,2020-01-02 12:29:00.133309,298.28,298.29,-1
2020-01-02 12:30:00,Q,AAPL,298.28,2.0,298.29,1.0,1.0,0.0,2020-01-02 12:30:00.258796,298.4,298.42,1
2020-01-02 12:31:00,Q,AAPL,298.4,4.0,298.42,2.0,1.0,0.0,2020-01-02 12:31:00.036524,298.51,298.54,1
2020-01-02 12:32:00,Z,AAPL,298.51,2.0,298.54,2.0,0.0,0.0,2020-01-02 12:32:00.022092,298.43,298.44,-1
2020-01-02 12:33:00,Z,AAPL,298.43,2.0,298.44,2.0,1.0,1.0,2020-01-02 12:33:00.806191,298.4,298.41,-1
2020-01-02 12:34:00,Z,AAPL,298.4,1.0,298.41,1.0,0.0,-1.0,2020-01-02 12:34:00.022008,298.4,298.42,0
2020-01-02 12:35:00,N,AAPL,298.4,4.0,298.42,2.0,0.0,1.0,2020-01-02 12:35:00.020506,298.37,298.39,-1
2020-01-02 12:36:00,Z,AAPL,298.37,1.0,298.39,4.0,0.0,3.0,2020-01-02 12:36:00.081363,298.34,298.37,0
2020-01-02 12:37:00,Z,AAPL,298.34,4.0,298.37,1.0,-1.0,0.0,2020-01-02 12:37:00.440599,298.36,298.37,0
2020-01-02 12:38:00,Q,AAPL,298.36,2.0,298.37,5.0,0.0,1.0,2020-01-02 12:38:00.811229,298.49,298.5,1
2020-01-02 12:39:00,Z,AAPL,298.49,2.0,298.5,3.0,0.0,-1.0,2020-01-02 12:39:01.531618,298.56,298.58,1
2020-01-02 12:40:00,Q,AAPL,298.56,6.0,298.58,2.0,0.0,-1.0,2020-01-02 12:40:01.464097,298.57,298.59,0
2020-01-02 12:41:00,Z,AAPL,298.57,2.0,298.59,1.0,0.0,-1.0,2020-01-02 12:41:00.025605,298.55,298.58,0
2020-01-02 12:42:00,Z,AAPL,298.55,8.0,298.58,2.0,1.0,0.0,2020-01-02 12:42:00.023769,298.47,298.5,-1
2020-01-02 12:43:00,Q,AAPL,298.47,3.0,298.5,3.0,0.0,1.0,2020-01-02 12:43:00.049882,298.45,298.48,0
2020-01-02 12:44:00,Q,AAPL,298.45,1.0,298.48,1.0,0.0,0.0,2020-01-02 12:44:00.039199,298.47,298.48,0
2020-01-02 12:45:00,Z,AAPL,298.47,11.0,298.48,3.0,0.0,1.0,2020-01-02 12:45:00.025982,298.43,298.45,-1
2020-01-02 12:46:00,N,AAPL,298.43,1.0,298.45,2.0,0.0,-3.0,2020-01-02 12:46:00.020486,298.41,298.42,-1
2020-01-02 12:47:00,Z,AAPL,298.41,1.0,298.42,2.0,0.0,1.0,2020-01-02 12:47:00.012482,298.38,298.39,-1
2020-01-02 12:48:00,Z,AAPL,298.38,2.0,298.39,1.0,-5.0,-3.0,2020-01-02 12:48:00.673628,298.45,298.47,1
2020-01-02 12:49:00,Q,AAPL,298.45,3.0,298.47,1.0,1.0,0.0,2020-01-02 12:49:00.149372,298.52,298.54,1
2020-01-02 12:50:00,Z,AAPL,298.52,2.0,298.54,1.0,0.0,-1.0,2020-01-02 12:50:00.014958,298.5,298.53,0
2020-01-02 12:51:00,Z,AAPL,298.5,6.0,298.53,2.0,0.0,0.0,2020-01-02 12:51:00.280989,298.71,298.72,1
2020-01-02 12:52:00,Q,AAPL,298.71,6.0,298.72,1.0,5.0,-3.0,2020-01-02 12:52:01.066196,298.73,298.74,1
2020-01-02 12:53:00,Q,AAPL,298.73,6.0,298.74,2.0,2.0,-3.0,2020-01-02 12:53:01.115386,298.62,298.63,-1
2020-01-02 12:54:00,Z,AAPL,298.62,1.0,298.63,5.0,0.0,1.0,2020-01-02 12:54:00.986299,298.62,298.64,0
2020-01-02 12:55:00,Z,AAPL,298.62,2.0,298.64,1.0,0.0,-1.0,2020-01-02 12:55:00.027630,298.65,298.67,1
2020-01-02 12:56:00,P,AAPL,298.65,2.0,298.67,2.0,-7.0,0.0,2020-01-02 12:56:00.016013,298.62,298.65,0
2020-01-02 12:57:00,Z,AAPL,298.62,4.0,298.65,1.0,1.0,0.0,2020-01-02 12:57:00.014884,298.68,298.7,1
2020-01-02 12:58:00,Q,AAPL,298.68,5.0,298.7,1.0,1.0,0.0,2020-01-02 12:58:00.005048,298.65,298.67,-1
2020-01-02 12:59:00,Q,AAPL,298.65,7.0,298.67,1.0,0.0,0.0,2020-01-02 12:59:01.115340,298.7,298.71,1
2020-01-02 13:00:00,N,AAPL,298.7,5.0,298.71,2.0,0.0,0.0,2020-01-02 13:00:00.016699,298.57,298.59,-1
2020-01-02 13:01:00,Q,AAPL,298.57,1.0,298.59,2.0,0.0,1.0,2020-01-02 13:01:00.184893,298.54,298.56,-1
2020-01-02 13:02:00,Q,AAPL,298.54,4.0,298.56,2.0,1.0,0.0,2020-01-02 13:02:01.277920,298.49,298.51,-1
2020-01-02 13:03:00,Q,AAPL,298.49,8.0,298.51,1.0,1.0,0.0,2020-01-02 13:03:00.253707,298.61,298.64,1
2020-01-02 13:04:00,Z,AAPL,298.61,16.0,298.64,2.0,0.0,1.0,2020-01-02 13:04:00.012268,298.53,298.55,-1
2020-01-02 13:05:00,N,AAPL,298.53,5.0,298.55,1.0,0.0,0.0,2020-01-02 13:05:00.465009,298.47,298.49,-1
2020-01-02 13:06:00,Q,AAPL,298.47,3.0,298.49,1.0,1.0,0.0,2020-01-02 13:06:00.147393,298.49,298.52,0
2020-01-02 13:07:00,N,AAPL,298.49,2.0,298.52,2.0,0.0,0.0,2020-01-02 13:07:00.019016,298.48,298.5,0
2020-01-02 13:08:00,N,AAPL,298.48,3.0,298.5,3.0,0.0,1.0,2020-01-02 13:08:00.245764,298.38,298.39,-1
2020-01-02 13:09:00,J,AAPL,298.38,5.0,298.39,1.0,0.0,-2.0,2020-01-02 13:09:00.305733,298.5,298.52,1
2020-01-02 13:10:00,P,AAPL,298.5,1.0,298.52,2.0,0.0,0.0,2020-01-02 13:10:00.020164,298.57,298.59,1
2020-01-02 13:11:00,Z,AAPL,298.57,7.0,298.59,1.0,-1.0,0.0,2020-01-02 13:11:01.027251,298.56,298.59,0
2020-01-02 13:12:00,Z,AAPL,298.56,4.0,298.59,3.0,0.0,-1.0,2020-01-02 13:12:00.239637,298.54,298.55,-1
2020-01-02 13:13:00,Z,AAPL,298.54,3.0,298.55,1.0,-1.0,0.0,2020-01-02 13:13:00.048582,298.48,298.51,-1
2020-01-02 13:14:00,Q,AAPL,298.48,1.0,298.51,5.0,-1.0,0.0,2020-01-02 13:14:00.011402,298.51,298.52,0
2020-01-02 13:15:00,Q,AAPL,298.51,1.0,298.52,2.0,0.0,0.0,2020-01-02 13:15:02.720555,298.55,298.56,1
2020-01-02 13:16:00,Q,AAPL,298.55,1.0,298.56,2.0,-1.0,0.0,2020-01-02 13:16:00.377470,298.57,298.58,1
2020-01-02 13:17:00,Q,AAPL,298.57,1.0,298.58,3.0,0.0,-1.0,2020-01-02 13:17:00.655786,298.51,298.53,-1
2020-01-02 13:18:00,Q,AAPL,298.51,3.0,298.53,3.0,0.0,1.0,2020-01-02 13:18:00.050319,298.5,298.52,0
2020-01-02 13:19:00,N,AAPL,298.5,3.0,298.52,2.0,0.0,-3.0,2020-01-02 13:19:00.650785,298.42,298.43,-1
2020-01-02 13:20:00,Q,AAPL,298.42,2.0,298.43,2.0,0.0,1.0,2020-01-02 13:20:00.027423,298.5,298.52,1
2020-01-02 13:21:00,N,AAPL,298.5,2.0,298.52,4.0,0.0,-1.0,2020-01-02 13:21:00.385395,298.52,298.55,0
2020-01-02 13:22:00,Q,AAPL,298.52,3.0,298.55,2.0,1.0,0.0,2020-01-02 13:22:00.435075,298.43,298.44,-1
2020-01-02 13:23:00,N,AAPL,298.43,5.0,298.44,3.0,0.0,1.0,2020-01-02 13:23:01.528824,298.47,298.48,1
2020-01-02 13:24:00,Z,AAPL,298.47,13.0,298.48,1.0,11.0,0.0,2020-01-02 13:24:00.401924,298.52,298.53,1
2020-01-02 13:25:00,Q,AAPL,298.52,2.0,298.53,2.0,0.0,0.0,2020-01-02 13:25:00.380201,298.55,298.56,1
2020-01-02 13:26:00,Q,AAPL,298.55,6.0,298.56,1.0,-2.0,0.0,2020-01-02 13:26:00.522427,298.53,298.56,0
2020-01-02 13:27:00,N,AAPL,298.53,4.0,298.56,4.0,0.0,2.0,2020-01-02 13:27:00.004314,298.46,298.47,-1
2020-01-02 13:28:00,N,AAPL,298.46,1.0,298.47,2.0,0.0,0.0,2020-01-02 13:28:00.035664,298.47,298.5,0
2020-01-02 13:29:00,Q,AAPL,298.47,3.0,298.5,4.0,0.0,-1.0,2020-01-02 13:29:00.485484,298.48,298.5,0
2020-01-02 13:30:00,Q,AAPL,298.48,4.0,298.5,1.0,0.0,-2.0,2020-01-02 13:30:00.000120,298.47,298.5,0
2020-01-02 13:31:00,Z,AAPL,298.47,3.0,298.5,5.0,0.0,1.0,2020-01-02 13:31:00.000484,298.47,298.49,0
2020-01-02 13:32:00,Q,AAPL,298.47,1.0,298.49,1.0,-2.0,-2.0,2020-01-02 13:32:01.432626,298.44,298.45,-1
2020-01-02 13:33:00,Q,AAPL,298.44,2.0,298.45,1.0,1.0,0.0,2020-01-02 13:33:00.007382,298.47,298.5,1
2020-01-02 13:34:00,Z,AAPL,298.47,1.0,298.5,2.0,0.0,0.0,2020-01-02 13:34:00.023395,298.45,298.46,-1
2020-01-02 13:35:00,Q,AAPL,298.45,1.0,298.46,1.0,-1.0,0.0,2020-01-02 13:35:00.070140,298.48,298.49,1
2020-01-02 13:36:00,Z,AAPL,298.48,4.0,298.49,2.0,2.0,-8.0,2020-01-02 13:36:01.501953,298.5,298.51,1
2020-01-02 13:37:00,P,AAPL,298.5,7.0,298.51,1.0,0.0,-1.0,2020-01-02 13:37:00.029920,298.44,298.46,-1
2020-01-02 13:38:00,Z,AAPL,298.44,3.0,298.46,3.0,0.0,1.0,2020-01-02 13:38:00.028974,298.51,298.53,1
2020-01-02 13:39:00,Z,AAPL,298.51,3.0,298.53,2.0,1.0,0.0,2020-01-02 13:39:00.046174,298.32,298.35,-1
2020-01-02 13:40:00,Z,AAPL,298.32,4.0,298.35,8.0,0.0,-1.0,2020-01-02 13:40:00.169169,298.29,298.3,-1
2020-01-02 13:41:00,Z,AAPL,298.29,1.0,298.3,1.0,0.0,-1.0,2020-01-02 13:41:00.123175,298.18,298.21,-1
2020-01-02 13:42:00,Z,AAPL,298.18,3.0,298.21,1.0,0.0,-2.0,2020-01-02 13:42:00.134835,298.17,298.18,0
2020-01-02 13:43:00,Q,AAPL,298.17,3.0,298.18,2.0,-1.0,0.0,2020-01-02 13:43:00.137003,298.12,298.15,-1
2020-01-02 13:44:00,Z,AAPL,298.12,2.0,298.15,3.0,0.0,1.0,2020-01-02 13:44:00.967743,298.12,298.14,0
2020-01-02 13:45:00,N,AAPL,298.12,3.0,298.14,3.0,1.0,1.0,2020-01-02 13:45:00.015068,298.21,298.22,1
2020-01-02 13:46:00,Q,AAPL,298.21,4.0,298.22,1.0,0.0,-13.0,2020-01-02 13:46:01.650724,298.17,298.2,-1
2020-01-02 13:47:00,Q,AAPL,298.17,3.0,298.2,4.0,0.0,1.0,2020-01-02 13:47:00.133673,298.32,298.34,1
2020-01-02 13:48:00,Q,AAPL,298.32,4.0,298.34,2.0,1.0,0.0,2020-01-02 13:48:00.677613,298.33,298.35,0
2020-01-02 13:49:00,Z,AAPL,298.33,5.0,298.35,3.0,0.0,-1.0,2020-01-02 13:49:00.623730,298.34,298.36,0
2020-01-02 13:50:00,N,AAPL,298.34,2.0,298.36,3.0,0.0,-1.0,2020-01-02 13:50:00.354109,298.29,298.31,-1
2020-01-02 13:51:00,N,AAPL,298.29,3.0,298.31,3.0,0.0,2.0,2020-01-02 13:51:00.069473,298.25,298.28,-1
2020-01-02 13:52:00,Q,AAPL,298.25,5.0,298.28,4.0,0.0,-1.0,2020-01-02 13:52:00.981212,298.27,298.28,0
2020-01-02 13:53:00,Q,AAPL,298.27,4.0,298.28,1.0,1.0,0.0,2020-01-02 13:53:00.255448,298.24,298.25,-1
2020-01-02 13:54:00,P,AAPL,298.24,2.0,298.25,3.0,0.0,2.0,2020-01-02 13:54:00.070618,298.27,298.28,1
2020-01-02 13:55:00,P,AAPL,298.27,3.0,298.28,2.0,0.0,1.0,2020-01-02 13:55:00.149248,298.29,298.31,1
2020-01-02 13:56:00,Q,AAPL,298.29,9.0,298.31,2.0,1.0,0.0,2020-01-02 13:56:00.222047,298.42,298.43,1
2020-01-02 13:57:00,Q,AAPL,298.42,3.0,298.43,7.0,1.0,4.0,2020-01-02 13:57:00.106874,298.43,298.44,0
2020-01-02 13:58:00,Q,AAPL,298.43,4.0,298.44,3.0,0.0,1.0,2020-01-02 13:58:00.228989,298.38,298.39,-1
2020-01-02 13:59:00,Q,AAPL,298.38,5.0,298.39,3.0,1.0,0.0,2020-01-02 13:59:00.916242,298.44,298.45,1
2020-01-02 14:00:00,Q,AAPL,298.44,3.0,298.45,1.0,0.0,-1.0,2020-01-02 14:00:00.029839,298.44,298.45,0
2020-01-02 14:01:00,P,AAPL,298.44,1.0,298.45,3.0,0.0,2.0,2020-01-02 14:01:00.217354,298.43,298.45,0
2020-01-02 14:02:00,Q,AAPL,298.43,3.0,298.45,4.0,1.0,0.0,2020-01-02 14:02:00.131824,298.47,298.49,1
2020-01-02 14:03:00,Q,AAPL,298.47,2.0,298.49,3.0,1.0,0.0,2020-01-02 14:03:00.129617,298.37,298.38,-1
2020-01-02 14:04:00,N,AAPL,298.37,1.0,298.38,6.0,-3.0,0.0,2020-01-02 14:04:00.817325,298.33,298.35,-1
2020-01-02 14:05:00,N,AAPL,298.33,1.0,298.35,2.0,-1.0,0.0,2020-01-02 14:05:00.130855,298.32,298.33,0
2020-01-02 14:06:00,Z,AAPL,298.32,2.0,298.33,1.0,1.0,-4.0,2020-01-02 14:06:01.073608,298.21,298.23,-1
2020-01-02 14:07:00,P,AAPL,298.21,5.0,298.23,3.0,0.0,-2.0,2020-01-02 14:07:00.159514,298.15,298.16,-1
2020-01-02 14:08:00,Z,AAPL,298.15,3.0,298.16,2.0,1.0,0.0,2020-01-02 14:08:00.153667,298.11,298.13,-1
2020-01-02 14:09:00,Q,AAPL,298.11,5.0,298.13,47.0,3.0,43.0,2020-01-02 14:09:01.553065,298.15,298.17,1
2020-01-02 14:10:00,Q,AAPL,298.15,5.0,298.17,1.0,2.0,0.0,2020-01-02 14:10:00.480681,298.18,298.19,1
2020-01-02 14:11:00,Q,AAPL,298.18,7.0,298.19,1.0,5.0,-1.0,2020-01-02 14:11:02.401314,298.23,298.25,1
2020-01-02 14:12:00,Q,AAPL,298.23,2.0,298.25,3.0,0.0,1.0,2020-01-02 14:12:00.178417,298.27,298.29,1
2020-01-02 14:13:00,Q,AAPL,298.27,5.0,298.29,4.0,1.0,0.0,2020-01-02 14:13:00.678511,298.28,298.28,0
2020-01-02 14:14:00,Z,AAPL,298.28,1.0,298.28,2.0,-2.0,-3.0,2020-01-02 14:14:08.199600,298.31,298.33,1
2020-01-02 14:15:00,Q,AAPL,298.31,5.0,298.33,2.0,1.0,0.0,2020-01-02 14:15:00.187558,298.32,298.33,0
2020-01-02 14:16:00,N,AAPL,298.32,7.0,298.33,4.0,3.0,2.0,2020-01-02 14:16:07.237826,298.27,298.28,-1
2020-01-02 14:17:00,Q,AAPL,298.27,3.0,298.28,1.0,0.0,0.0,2020-01-02 14:17:00.228610,298.27,298.28,0
2020-01-02 14:18:00,Z,AAPL,298.27,2.0,298.28,2.0,0.0,1.0,2020-01-02 14:18:01.879467,298.3,298.31,1
2020-01-02 14:19:00,Q,AAPL,298.3,4.0,298.31,1.0,0.0,0.0,2020-01-02 14:19:00.073041,298.32,298.32,1
2020-01-02 14:20:00,Z,AAPL,298.32,1.0,298.32,2.0,-2.0,-1.0,2020-01-02 14:20:01.043980,298.41,298.43,1
2020-01-02 14:21:00,Z,AAPL,298.41,6.0,298.43,5.0,5.0,0.0,2020-01-02 14:21:00.037101,298.44,298.45,1
2020-01-02 14:22:00,Q,AAPL,298.44,5.0,298.45,3.0,0.0,1.0,2020-01-02 14:22:00.810618,298.5,298.52,1
2020-01-02 14:23:00,K,AAPL,298.5,1.0,298.52,1.0,0.0,0.0,2020-01-02 14:23:00.003183,298.44,298.45,-1
2020-01-02 14:24:00,Q,AAPL,298.44,1.0,298.45,4.0,-1.0,0.0,2020-01-02 14:24:00.005672,298.51,298.52,1
2020-01-02 14:25:00,Z,AAPL,298.51,1.0,298.52,4.0,-1.0,0.0,2020-01-02 14:25:00.034055,298.66,298.68,1
2020-01-02 14:26:00,Q,AAPL,298.66,6.0,298.68,13.0,-1.0,0.0,2020-01-02 14:26:00.197078,298.63,298.64,-1
2020-01-02 14:27:00,Q,AAPL,298.63,3.0,298.64,3.0,-1.0,0.0,2020-01-02 14:27:00.000167,298.67,298.68,1
2020-01-02 14:28:00,Q,AAPL,298.67,4.0,298.68,3.0,1.0,0.0,2020-01-02 14:28:00.534829,298.71,298.72,1
2020-01-02 14:29:00,P,AAPL,298.71,1.0,298.72,3.0,0.0,1.0,2020-01-02 14:29:00.159806,298.68,298.69,-1
2020-01-02 14:30:00,Z,AAPL,298.68,1.0,298.69,2.0,-1.0,1.0,2020-01-02 14:30:00.194145,298.5,298.51,-1
2020-01-02 14:31:00,Q,AAPL,298.5,2.0,298.51,2.0,1.0,0.0,2020-01-02 14:31:00.032609,298.53,298.54,1
2020-01-02 14:32:00,Q,AAPL,298.53,3.0,298.54,7.0,-1.0,0.0,2020-01-02 14:32:00.085809,298.5,298.52,-1
2020-01-02 14:33:00,N,AAPL,298.5,4.0,298.52,2.0,1.0,0.0,2020-01-02 14:33:00.286456,298.59,298.6,1
2020-01-02 14:34:00,Q,AAPL,298.59,2.0,298.6,9.0,1.0,0.0,2020-01-02 14:34:00.326279,298.54,298.55,-1
2020-01-02 14:35:00,Q,AAPL,298.54,5.0,298.55,1.0,1.0,0.0,2020-01-02 14:35:00.781079,298.55,298.58,0
2020-01-02 14:36:00,Q,AAPL,298.55,2.0,298.58,2.0,0.0,1.0,2020-01-02 14:36:00.027706,298.56,298.59,0
2020-01-02 14:37:00,Z,AAPL,298.56,2.0,298.59,3.0,0.0,-2.0,2020-01-02 14:37:00.011597,298.54,298.56,0
2020-01-02 14:38:00,Q,AAPL,298.54,2.0,298.56,2.0,-1.0,0.0,2020-01-02 14:38:00.408989,298.62,298.65,1
2020-01-02 14:39:00,N,AAPL,298.62,3.0,298.65,3.0,0.0,1.0,2020-01-02 14:39:00.199959,298.68,298.71,1
2020-01-02 14:40:00,N,AAPL,298.68,3.0,298.71,1.0,0.0,0.0,2020-01-02 14:40:00.047678,298.82,298.83,1
2020-01-02 14:41:00,Z,AAPL,298.82,2.0,298.83,2.0,0.0,0.0,2020-01-02 14:41:00.138480,298.83,298.84,0
2020-01-02 14:42:00,Z,AAPL,298.83,8.0,298.84,15.0,0.0,-4.0,2020-01-02 14:42:01.191538,298.9,298.9,1
2020-01-02 14:43:00,Q,AAPL,298.9,1.0,298.9,4.0,-4.0,0.0,2020-01-02 14:43:00.289634,298.95,298.96,1
2020-01-02 14:44:00,Q,AAPL,298.95,1.0,298.96,2.0,-3.0,0.0,2020-01-02 14:44:01.370528,299.07,299.09,1
2020-01-02 14:45:00,Q,AAPL,299.07,1.0,299.09,2.0,0.0,-1.0,2020-01-02 14:45:00.039886,299.04,299.06,-1
2020-01-02 14:46:00,Q,AAPL,299.04,3.0,299.06,4.0,-1.0,0.0,2020-01-02 14:46:00.153329,299.0,299.01,-1
2020-01-02 14:47:00,Z,AAPL,299.0,1.0,299.01,5.0,-4.0,4.0,2020-01-02 14:47:00.811426,299.07,299.08,1
2020-01-02 14:48:00,Q,AAPL,299.07,3.0,299.08,9.0,1.0,0.0,2020-01-02 14:48:00.212006,298.98,299.0,-1
2020-01-02 14:49:00,Q,AAPL,298.98,3.0,299.0,3.0,1.0,1.0,2020-01-02 14:49:00.369663,298.9,298.91,-1
2020-01-02 14:50:00,P,AAPL,298.9,3.0,298.91,7.0,2.0,3.0,2020-01-02 14:50:01.330468,298.87,298.88,-1
2020-01-02 14:51:00,Q,AAPL,298.87,1.0,298.88,2.0,-1.0,-5.0,2020-01-02 14:51:00.365854,298.99,299.0,1
2020-01-02 14:52:00,Z,AAPL,298.99,1.0,299.0,10.0,0.0,0.0,2020-01-02 14:52:00.267982,299.06,299.07,1
2020-01-02 14:53:00,Q,AAPL,299.06,2.0,299.07,2.0,0.0,0.0,2020-01-02 14:53:00.051974,299.0,299.01,-1
2020-01-02 14:54:00,Z,AAPL,299.0,6.0,299.01,2.0,0.0,-2.0,2020-01-02 14:54:02.347538,298.97,298.98,-1
2020-01-02 14:55:00,P,AAPL,298.97,2.0,298.98,1.0,-3.0,0.0,2020-01-02 14:55:00.040353,298.95,298.96,-1
2020-01-02 14:56:00,Z,AAPL,298.95,6.0,298.96,2.0,0.0,1.0,2020-01-02 14:56:00.308730,298.99,299.0,1
2020-01-02 14:57:00,P,AAPL,298.99,24.0,299.0,25.0,17.0,0.0,2020-01-02 14:57:00.282883,299.0,299.01,0
2020-01-02 14:58:00,P,AAPL,299.0,18.0,299.01,1.0,1.0,-1.0,2020-01-02 14:58:01.595308,299.04,299.06,1
2020-01-02 14:59:00,Q,AAPL,299.04,16.0,299.06,9.0,0.0,1.0,2020-01-02 14:59:00.531210,299.08,299.1,1
2020-01-02 15:00:00,P,AAPL,299.08,1.0,299.1,2.0,0.0,1.0,2020-01-02 15:00:00.017048,299.16,299.18,1
2020-01-02 15:01:00,P,AAPL,299.16,12.0,299.18,4.0,0.0,0.0,2020-01-02 15:01:01.748357,299.15,299.16,0
2020-01-02 15:02:00,Q,AAPL,299.15,1.0,299.16,9.0,0.0,1.0,2020-01-02 15:02:00.025626,299.16,299.17,0
2020-01-02 15:03:00,N,AAPL,299.16,33.0,299.17,5.0,0.0,1.0,2020-01-02 15:03:00.033574,299.29,299.31,1
2020-01-02 15:04:00,Z,AAPL,299.29,8.0,299.31,4.0,0.0,-4.0,2020-01-02 15:04:00.075887,299.34,299.36,1
2020-01-02 15:05:00,Z,AAPL,299.34,2.0,299.36,1.0,1.0,0.0,2020-01-02 15:05:00.020484,299.28,299.3,-1
2020-01-02 15:06:00,Z,AAPL,299.28,1.0,299.3,7.0,-8.0,1.0,2020-01-02 15:06:00.000879,299.32,299.34,1
2020-01-02 15:07:00,Z,AAPL,299.32,3.0,299.34,5.0,0.0,1.0,2020-01-02 15:07:00.340395,299.35,299.36,1
2020-01-02 15:08:00,Q,AAPL,299.35,1.0,299.36,2.0,-4.0,0.0,2020-01-02 15:08:00.249461,299.18,299.19,-1
2020-01-02 15:09:00,Z,AAPL,299.18,3.0,299.19,2.0,2.0,-13.0,2020-01-02 15:09:00.396922,299.18,299.21,0
2020-01-02 15:10:00,Q,AAPL,299.18,7.0,299.21,2.0,1.0,0.0,2020-01-02 15:10:00.146038,299.24,299.25,1
2020-01-02 15:11:00,P,AAPL,299.24,2.0,299.25,6.0,-2.0,-1.0,2020-01-02 15:11:00.542148,299.32,299.33,1
2020-01-02 15:12:00,Z,AAPL,299.32,7.0,299.33,2.0,0.0,0.0,2020-01-02 15:12:00.687403,299.34,299.37,1
2020-01-02 15:13:00,P,AAPL,299.34,1.0,299.37,5.0,0.0,0.0,2020-01-02 15:13:00.005089,299.37,299.4,0
2020-01-02 15:14:00,Z,AAPL,299.37,3.0,299.4,18.0,-1.0,0.0,2020-01-02 15:14:00.513644,299.28,299.29,-1
2020-01-02 15:15:00,Q,AAPL,299.28,5.0,299.29,3.0,0.0,1.0,2020-01-02 15:15:00.007591,299.36,299.38,1
2020-01-02 15:16:00,N,AAPL,299.36,3.0,299.38,2.0,0.0,1.0,2020-01-02 15:16:00.206640,299.38,299.4,0
2020-01-02 15:17:00,P,AAPL,299.38,7.0,299.4,2.0,3.0,0.0,2020-01-02 15:17:00.130366,299.44,299.45,1
2020-01-02 15:18:00,P,AAPL,299.44,2.0,299.45,1.0,-1.0,0.0,2020-01-02 15:18:00.024199,299.42,299.44,0
2020-01-02 15:19:00,Q,AAPL,299.42,2.0,299.44,5.0,1.0,0.0,2020-01-02 15:19:00.077767,299.32,299.34,-1
2020-01-02 15:20:00,Q,AAPL,299.32,2.0,299.34,2.0,1.0,0.0,2020-01-02 15:20:00.013091,299.47,299.48,1
2020-01-02 15:21:00,Q,AAPL,299.47,2.0,299.48,2.0,-1.0,1.0,2020-01-02 15:21:00.139388,299.49,299.5,1
2020-01-02 15:22:00,Q,AAPL,299.49,4.0,299.5,65.0,1.0,0.0,2020-01-02 15:22:00.482079,299.59,299.6,1
2020-01-02 15:23:00,Q,AAPL,299.59,2.0,299.6,16.0,0.0,0.0,2020-01-02 15:23:00.371746,299.64,299.65,1
2020-01-02 15:24:00,Z,AAPL,299.64,2.0,299.65,1.0,0.0,0.0,2020-01-02 15:24:00.094511,299.6,299.63,-1
2020-01-02 15:25:00,Z,AAPL,299.6,5.0,299.63,3.0,0.0,1.0,2020-01-02 15:25:00.039760,299.55,299.56,-1
2020-01-02 15:26:00,Z,AAPL,299.55,4.0,299.56,2.0,0.0,0.0,2020-01-02 15:26:00.040383,299.5,299.52,-1
2020-01-02 15:27:00,Q,AAPL,299.5,14.0,299.52,8.0,9.0,7.0,2020-01-02 15:27:02.865209,299.51,299.52,0
2020-01-02 15:28:00,P,AAPL,299.51,1.0,299.52,2.0,0.0,0.0,2020-01-02 15:28:00.002554,299.51,299.53,0
2020-01-02 15:29:00,Z,AAPL,299.51,9.0,299.53,1.0,0.0,-2.0,2020-01-02 15:29:00.254027,299.25,299.27,-1
2020-01-02 15:30:00,Z,AAPL,299.25,5.0,299.27,2.0,0.0,-3.0,2020-01-02 15:30:00.004109,299.15,299.17,-1
2020-01-02 15:31:00,Q,AAPL,299.15,1.0,299.17,2.0,-4.0,0.0,2020-01-02 15:31:00.072467,299.35,299.38,1
2020-01-02 15:32:00,N,AAPL,299.35,9.0,299.38,3.0,0.0,-3.0,2020-01-02 15:32:00.007381,299.41,299.42,1
2020-01-02 15:33:00,Q,AAPL,299.41,2.0,299.42,1.0,0.0,0.0,2020-01-02 15:33:00.258506,299.39,299.4,-1
2020-01-02 15:34:00,Q,AAPL,299.39,2.0,299.4,9.0,0.0,2.0,2020-01-02 15:34:00.731683,299.5,299.52,1
2020-01-02 15:35:00,K,AAPL,299.5,6.0,299.52,5.0,1.0,0.0,2020-01-02 15:35:00.072089,299.56,299.59,1
2020-01-02 15:36:00,Z,AAPL,299.56,6.0,299.59,4.0,-1.0,0.0,2020-01-02 15:36:00.007861,299.51,299.53,-1
2020-01-02 15:37:00,P,AAPL,299.51,3.0,299.53,3.0,0.0,1.0,2020-01-02 15:37:00.022960,299.51,299.53,0
2020-01-02 15:38:00,Q,AAPL,299.51,2.0,299.53,5.0,1.0,0.0,2020-01-02 15:38:00.577228,299.61,299.63,1
2020-01-02 15:39:00,Z,AAPL,299.61,1.0,299.63,4.0,0.0,-1.0,2020-01-02 15:39:00.668003,299.57,299.59,-1
2020-01-02 15:40:00,Z,AAPL,299.57,2.0,299.59,2.0,0.0,0.0,2020-01-02 15:40:00.006133,299.64,299.66,1
2020-01-02 15:41:00,Q,AAPL,299.64,6.0,299.66,1.0,1.0,0.0,2020-01-02 15:41:00.005830,299.56,299.57,-1
2020-01-02 15:42:00,Z,AAPL,299.56,1.0,299.57,2.0,-1.0,0.0,2020-01-02 15:42:00.640976,299.43,299.44,-1
2020-01-02 15:43:00,Q,AAPL,299.43,1.0,299.44,2.0,0.0,1.0,2020-01-02 15:43:00.032115,299.47,299.48,1
2020-01-02 15:44:00,P,AAPL,299.47,2.0,299.48,1.0,0.0,-2.0,2020-01-02 15:44:00.004694,299.62,299.64,1
2020-01-02 15:45:00,Q,AAPL,299.62,3.0,299.64,1.0,0.0,0.0,2020-01-02 15:45:00.004946,299.57,299.58,-1
2020-01-02 15:46:00,N,AAPL,299.57,1.0,299.58,3.0,-6.0,0.0,2020-01-02 15:46:00.040132,299.68,299.7,1
2020-01-02 15:47:00,N,AAPL,299.68,4.0,299.7,8.0,0.0,0.0,2020-01-02 15:47:00.004047,299.79,299.8,1
2020-01-02 15:48:00,Q,AAPL,299.79,6.0,299.8,33.0,1.0,-4.0,2020-01-02 15:48:01.815390,299.89,299.9,1
2020-01-02 15:49:00,Q,AAPL,299.89,2.0,299.9,2.0,1.0,0.0,2020-01-02 15:49:00.115274,299.86,299.88,-1
2020-01-02 15:50:00,N,AAPL,299.86,4.0,299.88,2.0,-1.0,0.0,2020-01-02 15:50:00.012222,299.93,299.95,1
2020-01-02 15:51:00,Q,AAPL,299.93,3.0,299.95,5.0,0.0,1.0,2020-01-02 15:51:00.123600,299.95,299.96,0
2020-01-02 15:52:00,Q,AAPL,299.95,6.0,299.96,1.0,1.0,-1.0,2020-01-02 15:52:00.061262,300.04,300.05,1
2020-01-02 15:53:00,Q,AAPL,300.04,3.0,300.05,1.0,2.0,-2.0,2020-01-02 15:53:00.064314,300.05,300.05,0
2020-01-02 15:54:00,N,AAPL,300.05,3.0,300.05,1.0,2.0,-6.0,2020-01-02 15:54:00.276740,300.23,300.25,1
2020-01-02 15:55:00,N,AAPL,300.23,5.0,300.25,1.0,0.0,0.0,2020-01-02 15:55:00.006852,300.11,300.12,-1
2020-01-02 15:56:00,Z,AAPL,300.11,6.0,300.12,2.0,0.0,-2.0,2020-01-02 15:56:00.031294,300.24,300.25,1
2020-01-02 15:57:00,Q,AAPL,300.24,1.0,300.25,3.0,0.0,0.0,2020-01-02 15:57:00.001230,300.28,300.3,1
2020-01-02 15:58:00,Q,AAPL,300.28,3.0,300.3,5.0,0.0,-16.0,2020-01-02 15:58:00.004784,300.39,300.41,1
2020-01-02 15:59:00,P,AAPL,300.39,6.0,300.41,2.0,5.0,0.0,2020-01-02 15:59:00.013466,,,0
